"ID","Description","GeneRatio","BgRatio","RichFactor","FoldEnrichment","zScore","pvalue","p.adjust","qvalue","geneID","Count"
"Ferroptosis_FerrDb V2(36305834)","Ferroptosis_FerrDb V2(36305834)","100/100","486/14739",0.205761316872428,30.3271604938272,54.3373655547468,1.59392086080407e-153,1.56204244358799e-151,5.20121544051855e-152,"RPL8/IREB2/ATP5MC3/CS/EMC2/ACSF2/NOX1/CYBB/NOX3/NOX4/NOX5/DUOX1/DUOX2/G6PD/PGD/VDAC2/PIK3CA/FLT3/SCP2/TP53/ACSL4/LPCAT3/NRAS/KRAS/HRAS/TF/TFRC/TFR2/SLC38A1/SLC1A5/GLS2/GOT1/CARS1/ALOX5/KEAP1/HMOX1/ATG5/ATG7/NCOA4/ALOX12/ALOX12B/ALOX15/ALOX15B/ALOXE3/PHKG2/ACO1/ULK1/ATG3/ATG4D/BECN1/MAP1LC3A/GABARAPL2/GABARAPL1/ATG16L1/WIPI1/WIPI2/SNX4/ATG13/ULK2/SAT1/EGFR/MAPK3/MAPK1/BID/ZEB1/DPP4/CDKN2A/PEBP1/SOCS1/CDO1/MYB/MAPK8/MAPK9/CHAC1/MAPK14/PRKAA2/PRKAA1/ELAVL1/BAP1/ABCC1/ACVR1B/TGFBR1/EPAS1/HILPDA/HIF1A/IFNG/ANO6/LPIN1/HMGB1/TNFAIP3/TLR4/ATF3/ATM/YY1AP1/EGLN2/MIOX/TAFAZZIN/MTDH/IDH1/SIRT1",100
"Ferroptosis_Pan Cancer_37968457","Ferroptosis_Pan Cancer_37968457","64/100","283/14739",0.226148409893993,33.3320141342756,45.3905535036095,7.96120190559457e-87,3.90098893374134e-85,1.29893294249175e-85,"CS/EMC2/NOX1/CYBB/NOX3/NOX5/DUOX1/DUOX2/G6PD/PGD/FLT3/SCP2/NRAS/KRAS/HRAS/TFR2/CARS1/ATG7/ALOX12B/ALOX15B/ALOXE3/PHKG2/ACO1/ULK1/ATG3/ATG4D/MAP1LC3A/GABARAPL2/GABARAPL1/ATG16L1/WIPI1/WIPI2/SNX4/ATG13/ULK2/SAT1/EGFR/BID/DPP4/CDKN2A/PEBP1/SOCS1/CDO1/MYB/MAPK8/MAPK9/PRKAA2/PRKAA1/ABCC1/ACVR1B/TGFBR1/EPAS1/HILPDA/IFNG/ANO6/LPIN1/TNFAIP3/TLR4/ATM/YY1AP1/EGLN2/MIOX/MTDH/IDH1",64
"Ferroptosis_STAD_35023280","Ferroptosis_STAD_35023280","20/100","34/14739",0.588235294117647,86.7,41.3476981103957,7.30436968614703e-36,2.3860940974747e-34,7.94510386914239e-35,"ACSF2/NOX4/TP53/TF/TFRC/SLC1A5/ALOX12/ALOX15/MAPK3/ZEB1/DPP4/CDKN2A/CDO1/MYB/CHAC1/PRKAA2/HIF1A/IFNG/ATF3/MIOX",20
"Ferroptosis_Pediatric Sepsis_40070882","Ferroptosis_Pediatric Sepsis_40070882","21/100","74/14739",0.283783783783784,41.8268918918919,29.0994456525281,3.53677130797823e-29,8.66508970454667e-28,2.88526080387698e-28,"G6PD/PGD/FLT3/ACSL4/SLC38A1/SLC1A5/ALOX5/ALOX12/ALOX15B/ULK1/GABARAPL2/WIPI1/MAPK3/ZEB1/DPP4/MAPK8/MAPK14/ACVR1B/TLR4/ATM/IDH1",21
"Ferroptosis_DLBCL_39488307","Ferroptosis_DLBCL_39488307","16/100","27/14739",0.592592592592593,87.3422222222222,37.1135772681619,7.03312652914663e-29,1.37849279971274e-27,4.59004047165359e-28,"TP53/TFRC/TFR2/SLC38A1/SLC1A5/ALOX15/ACO1/ATG3/SNX4/SAT1/DPP4/PEBP1/SOCS1/ABCC1/LPIN1/ATM",16
"Ferroptosis_ALI_37149072","Ferroptosis_ALI_37149072","20/100","85/14739",0.235294117647059,34.68,25.7375393006066,5.65083297278643e-26,9.22969385555116e-25,3.07326003783121e-25,"ACSF2/VDAC2/NRAS/HMOX1/NCOA4/ALOX12/GABARAPL2/MAPK3/BID/DPP4/SOCS1/CDO1/MYB/MAPK8/MAPK14/PRKAA2/TGFBR1/HIF1A/TLR4/MTDH",20
"Autophagy_Pan Cancer_35241019","Autophagy_Pan Cancer_35241019","33/100","495/14739",0.0666666666666667,9.826,16.5087469562623,2.96173441631719e-24,4.14642818284406e-23,1.38065814895989e-23,"PIK3CA/TP53/KEAP1/HMOX1/ATG5/ATG7/ULK1/ATG3/ATG4D/BECN1/MAP1LC3A/GABARAPL2/GABARAPL1/ATG16L1/WIPI1/WIPI2/ATG13/ULK2/EGFR/MAPK3/MAPK1/BID/CDKN2A/MAPK8/MAPK9/PRKAA2/PRKAA1/HIF1A/IFNG/HMGB1/ATM/MTDH/SIRT1",33
"Ferroptosis_DKD_38678670","Ferroptosis_DKD_38678670","14/100","51/14739",0.274509803921569,40.46,23.3305194147527,1.79241399267754e-19,2.19570714102999e-18,7.31116233855314e-19,"CYBB/DUOX2/TP53/ACSL4/ALOX5/ALOX12/ALOXE3/ULK1/BID/SOCS1/MYB/MAPK8/EPAS1/TLR4",14
"Ferroptosis_PD_Prognosis_40465746","Ferroptosis_PD_Prognosis_40465746","14/100","55/14739",0.254545454545455,37.5174545454545,22.42452357346,5.90571303696754e-19,6.43066530692021e-18,2.1412526800701e-18,"RPL8/NOX4/NOX5/DUOX1/DUOX2/G6PD/ACSL4/SLC38A1/ALOX15/ALOX15B/CDKN2A/PRKAA2/EGLN2/MIOX",14
"Ferroptosis_AML_Prognosis_36338716","Ferroptosis_AML_Prognosis_36338716","10/100","18/14739",0.555555555555556,81.8833333333333,28.3785504176158,5.45025479859125e-18,5.34124970261943e-17,1.77850419743504e-17,"ACSF2/G6PD/LPCAT3/GOT1/KEAP1/HMOX1/NCOA4/SAT1/DPP4/CHAC1",10
"Autophagy_Pan Cancer_36703967","Autophagy_Pan Cancer_36703967","17/100","153/14739",0.111111111111111,16.3766666666667,15.8016843202313,2.42982250033714e-16,2.16475095484582e-15,7.20808588616761e-16,"ATG5/ATG7/ULK1/ATG3/ATG4D/BECN1/MAP1LC3A/GABARAPL2/GABARAPL1/ATG16L1/WIPI1/WIPI2/ATG13/PRKAA2/PRKAA1/EPAS1/ATM",17
"Ferroptosis_Gliomas_Prognosis_35711838","Ferroptosis_Gliomas_Prognosis_35711838","9/100","19/14739",0.473684210526316,69.8163157894737,24.8072077851061,1.84174189552684e-15,1.50408921468026e-14,5.00824550538002e-15,"ALOX5/ALOXE3/MAP1LC3A/WIPI1/MAPK1/ZEB1/SOCS1/CHAC1/TNFAIP3",9
"Lysosome-dependentcelldeath_GeneCards","Lysosome-dependentcelldeath_GeneCards","19/100","240/14739",0.0791666666666667,11.668375,13.7720452075994,2.11958448040537e-15,1.59784060830559e-14,5.32041448522806e-15,"TP53/SLC1A5/ATG5/NCOA4/ULK1/BECN1/MAP1LC3A/GABARAPL2/GABARAPL1/ATG13/ULK2/EGFR/PEBP1/MAPK14/PRKAA1/HIF1A/HMGB1/ATM/SIRT1",19
"Ferroptosis_IDD_Up_36814575","Ferroptosis_IDD_Up_36814575","12/100","60/14739",0.2,29.478,18.2683972281004,5.15913920210268e-15,3.61139744147188e-14,1.20250612981341e-14,"EMC2/DUOX1/VDAC2/TFR2/SLC1A5/HMOX1/ALOX15B/MAPK1/HIF1A/ANO6/TNFAIP3/MTDH",12
"Mitochondrial permeability transition (MPT)-driven necrosis_GeneCards","Mitochondrial permeability transition (MPT)-driven necrosis_GeneCards","15/100","156/14739",0.0961538461538462,14.1721153846154,13.6696677330883,1.38528065073914e-13,9.05050025149573e-13,3.01359299459041e-13,"CS/NOX5/TP53/ALOX5/HMOX1/ATG5/EGFR/MAPK3/MAPK1/BID/CDKN2A/MAPK8/MAPK14/IFNG/ATM",15
"Ferroptosis_Glioma_Prognosis_32733879","Ferroptosis_Glioma_Prognosis_32733879","7/100","19/14739",0.368421052631579,54.3015789473684,19.2143873012141,2.52094489708576e-11,1.54407874946503e-10,5.14140077695123e-11,"EMC2/LPCAT3/ALOX5/NCOA4/ALOX12B/SAT1/DPP4",7
"Ferroptosis_ES_Prognosis_36050939","Ferroptosis_ES_Prognosis_36050939","8/100","38/14739",0.210526315789474,31.0294736842105,15.318973001524,1.3968174230886e-10,8.05224161545192e-10,2.68119753038678e-10,"PIK3CA/ALOXE3/GABARAPL2/CDKN2A/SOCS1/MAPK14/ACVR1B/SIRT1",8
"Ferroptosis_HNSCC_Prognosis_34906855","Ferroptosis_HNSCC_Prognosis_34906855","7/100","28/14739",0.25,36.8475,15.6920745260994,5.63589054524806e-10,3.06842929685728e-09,1.02171115147772e-09,"G6PD/ATG5/WIPI2/EGFR/CDKN2A/SOCS1/MTDH",7
"Anoikis_Pan Cancer_37275895","Anoikis_Pan Cancer_37275895","17/100","434/14739",0.0391705069124424,5.77334101382488,8.34232233701799,4.85366091694888e-09,2.50346720979469e-08,8.3359273365881e-09,"NOX4/PIK3CA/TP53/NRAS/KRAS/HRAS/HMOX1/EGFR/MAPK3/MAPK1/BID/ZEB1/CDKN2A/MAPK8/HIF1A/MTDH/SIRT1",17
"Necroptosis_Glioma_Prognosis_36466844","Necroptosis_Glioma_Prognosis_36466844","10/100","126/14739",0.0793650793650794,11.697619047619,9.96704179289125,1.31416082115042e-08,6.43938802363704e-08,2.14415712924542e-08,"CYBB/VDAC2/ALOX15/BID/MAPK8/MAPK9/IFNG/HMGB1/TNFAIP3/TLR4",10
"Necroptosis_BRCA_Prognosis_37787960","Necroptosis_BRCA_Prognosis_37787960","10/100","159/14739",0.0628930817610063,9.26981132075472,8.66520759947251,1.2096731338578e-07,5.64514129133642e-07,1.87969258895198e-07,"CYBB/VDAC2/ALOX15/BID/MAPK8/MAPK9/IFNG/HMGB1/TNFAIP3/TLR4",10
"NETosis_Pan Cancer_37408763","NETosis_Pan Cancer_37408763","7/100","69/14739",0.101449275362319,14.9526086956522,9.60126537668468,4.09327443810044e-07,1.82336770424474e-06,6.07136399909634e-07,"CYBB/PIK3CA/ATG7/MAPK3/MAPK1/HMGB1/TLR4",7
"Immunogenic Cell Death_Pan Cancer_27057433","Immunogenic Cell Death_Pan Cancer_27057433","5/100","33/14739",0.151515151515152,22.3318181818182,10.1391403135636,2.65335584200982e-06,1.13056031529114e-05,3.76448654930455e-06,"PIK3CA/ATG5/IFNG/HMGB1/TLR4",5
"Immunogenic Cell Death_HCC_38681068","Immunogenic Cell Death_HCC_38681068","5/100","35/14739",0.142857142857143,21.0557142857143,9.81788588419821,3.59051623997561e-06,1.46612746465671e-05,4.88184225610719e-06,"PIK3CA/TP53/ATG5/HMGB1/TLR4",5
"Ferroptosis_CCA_Prognosis_36733386","Ferroptosis_CCA_Prognosis_36733386","4/100","17/14739",0.235294117647059,34.68,11.4835643271917,4.4364965570144e-06,1.73910665034965e-05,5.79079550599775e-06,"SLC1A5/GOT1/ACO1/PEBP1",4
"Necroptosis_AML_37993258","Necroptosis_AML_37993258","6/100","65/14739",0.0923076923076923,13.6052307692308,8.41776490756677,5.01141195009662e-06,1.8889168119595e-05,6.28962633412936e-06,"FLT3/EGFR/CDKN2A/MAPK8/IDH1/SIRT1",6
"paraptosis-like death_GeneCards","paraptosis-like death_GeneCards","3/100","6/14739",0.5,73.695,14.7196723278333,5.9721303578621e-06,2.09613661713842e-05,6.97961709251246e-06,"TP53/MAPK8/MAPK14",3
"Necroptosis_Pan Cancer_36044785","Necroptosis_Pan Cancer_36044785","6/100","67/14739",0.0895522388059701,13.1991044776119,8.27149980168956,5.98896176325263e-06,2.09613661713842e-05,6.97961709251246e-06,"FLT3/EGFR/CDKN2A/MAPK8/IDH1/SIRT1",6
"Apoptosis_Pan Cancer_37968457","Apoptosis_Pan Cancer_37968457","8/100","146/14739",0.0547945205479452,8.07616438356164,7.10175393587862,6.5995740435834e-06,2.2302008836937e-05,7.42601798007569e-06,"TP53/BECN1/EGFR/MAPK1/MAPK8/MAPK14/MIOX/SIRT1",8
"Ferroptosis_IDD_Down_36814575","Ferroptosis_IDD_Down_36814575","4/100","20/14739",0.2,29.478,10.5329228118984,8.89127689970474e-06,2.90448378723688e-05,9.67121346985427e-06,"CS/KEAP1/ULK2/PEBP1",4
"Apoptosis_Pan Cancer_36703967","Apoptosis_Pan Cancer_36703967","10/100","273/14739",0.0366300366300366,5.3989010989011,6.06338104334102,1.61043249936108e-05,5.09104467539955e-05,1.69519210459061e-05,"PIK3CA/TP53/MAPK3/MAPK1/BID/CDKN2A/MAPK8/HMGB1/TLR4/ATM",10
"Ferroptosis_HCC_Prognosis_38139032","Ferroptosis_HCC_Prognosis_38139032","4/100","26/14739",0.153846153846154,22.6753846153846,9.14253095981009,2.6591088319591e-05,8.14352079787475e-05,2.71159124311619e-05,"TF/ALOX15/MAPK1/CDO1",4
"Paraptosis_GeneCards","Paraptosis_GeneCards","4/100","29/14739",0.137931034482759,20.3296551724138,8.61153041629754,4.15905113810915e-05,0.000123511215616575,4.11261835028337e-05,"TP53/MAPK1/MAPK8/MAPK14",4
"Ferroptosis_EGFRWTLUAD_Prognosis_39478024","Ferroptosis_EGFRWTLUAD_Prognosis_39478024","3/100","11/14739",0.272727272727273,40.1972727272727,10.7484013846063,4.80674749925654e-05,0.000138547427919747,4.61328707358987e-05,"NOX4/DUOX1/PEBP1",3
"NETosis_UC_40963602","NETosis_UC_40963602","4/100","33/14739",0.121212121212121,17.8654545454545,8.01625105890612,7.01794507690501e-05,0.00019650246215334,6.54304653786632e-05,"CYBB/MAPK3/MAPK1/TLR4",4
"Necroptosis_COAD_36353119","Necroptosis_COAD_36353119","6/100","105/14739",0.0571428571428571,8.42228571428571,6.3083294049014,7.84929606969092e-05,0.000213675281897142,7.11485901053856e-05,"CYBB/VDAC2/BID/MAPK8/IFNG/HMGB1",6
"Ferroptosis_IDD_36819777","Ferroptosis_IDD_36819777","4/100","40/14739",0.1,14.739,7.19125675441516,0.000151137221774265,0.000400309398212918,0.000133293140113861,"EMC2/CARS1/ATF3/ATM",4
"Apoptosis_Pan cancer_36044785","Apoptosis_Pan cancer_36044785","8/100","228/14739",0.0350877192982456,5.17157894736842,5.24665841407671,0.000158974741067566,0.000409987490121619,0.000136515705625888,"VDAC2/PIK3CA/TP53/HMOX1/SAT1/BID/ATF3/ATM",8
"Ferroptosis_CRC_Prognosis_38774759","Ferroptosis_CRC_Prognosis_38774759","3/100","24/14739",0.125,18.42375,7.06042248635054,0.000553026187928931,0.00138965554915475,0.00046272096695808,"NOX4/CDKN2A/HILPDA",3
"Anoikis_LUSC_40028162","Anoikis_LUSC_40028162","7/100","222/14739",0.0315315315315315,4.64743243243243,4.5257324396547,0.000782433752203056,0.00191696269289749,0.000638301218902493,"NOX4/HRAS/HMOX1/EGFR/BID/ZEB1/CDKN2A",7
"Efferocytosis_TNBC_Prognosis_41198835","Efferocytosis_TNBC_Prognosis_41198835","2/100","8/14739",0.25,36.8475,8.38207076205162,0.001242577715537,0.00289934800291967,0.00096541125768539,"IFNG/TLR4",2
"NETosis_EWS_40628996","NETosis_EWS_40628996","2/100","8/14739",0.25,36.8475,8.38207076205162,0.001242577715537,0.00289934800291967,0.00096541125768539,"ATG7/MAPK3",2
"Entoticcelldeath_GeneCards","Entoticcelldeath_GeneCards","2/100","9/14739",0.222222222222222,32.7533333333333,7.87540277721031,0.00159053886532805,0.00354256383641247,0.00117958623983659,"TP53/MAP1LC3A",2
"PANoptosis_IPF_Prognosis_39515041","PANoptosis_IPF_Prognosis_39515041","2/100","9/14739",0.222222222222222,32.7533333333333,7.87540277721031,0.00159053886532805,0.00354256383641247,0.00117958623983659,"HIF1A/ATM",2
"Efferocytosis_TNBC_41198835","Efferocytosis_TNBC_41198835","3/100","41/14739",0.0731707317073171,10.7846341463415,5.18526515270896,0.00267949957568248,0.00583535463148629,0.00194302893207385,"PIK3CA/IFNG/TLR4",3
"Apoptosis_Pan Cancer_35241019","Apoptosis_Pan Cancer_35241019","4/100","87/14739",0.0459770114942529,6.77655172413793,4.46625390006529,0.00288663253530978,0.00614978235783387,0.0020477255971305,"PIK3CA/TP53/BID/ATM",4
"Necroptosis_ES_Prognosis_37663658","Necroptosis_ES_Prognosis_37663658","3/100","44/14739",0.0681818181818182,10.0493181818182,4.96845055752619,0.00328049524891708,0.00684018158284839,0.00227761148301074,"BID/MAPK8/MAPK14",3
"Cuproptosis_Pan Cancer_37968457","Cuproptosis_Pan Cancer_37968457","3/100","46/14739",0.0652173913043478,9.61239130434783,4.83516168291768,0.00372343994473994,0.00744687988947988,0.0024796270308687,"ULK1/ULK2/CDKN2A",3
"Pyroptosis_ccRCC_Prognosis_35308143","Pyroptosis_ccRCC_Prognosis_35308143","3/100","46/14739",0.0652173913043478,9.61239130434783,4.83516168291768,0.00372343994473994,0.00744687988947988,0.0024796270308687,"BECN1/EGFR/ANO6",3
"Efferocytosis_Pan Cancer","Efferocytosis_Pan Cancer","4/100","102/14739",0.0392156862745098,5.78,4.00373677176841,0.00510187117099948,0.00999966749515899,0.00332964223791545,"ALOX12/ALOX15B/HMGB1/SIRT1",4
"Immunogenic Cell Death_BLCA_38023241","Immunogenic Cell Death_BLCA_38023241","2/100","18/14739",0.111111111111111,16.3766666666667,5.39502382346845,0.00649626908189093,0.0122429686543329,0.00407660610402063,"HMGB1/TLR4",2
"Immunogenic Cell Death_LUAD_38171413","Immunogenic Cell Death_LUAD_38171413","2/100","18/14739",0.111111111111111,16.3766666666667,5.39502382346845,0.00649626908189093,0.0122429686543329,0.00407660610402063,"IFNG/TLR4",2
"Apoptosis_OS_Prognosis_35576501","Apoptosis_OS_Prognosis_35576501","3/100","58/14739",0.0517241379310345,7.62362068965517,4.17729553892088,0.00713805701195882,0.0131986714560748,0.00439483152672738,"HMOX1/TGFBR1/TLR4",3
"Disulfidptosis_Up_38035663","Disulfidptosis_Up_38035663","2/100","22/14739",0.0909090909090909,13.3990909090909,4.81011113244568,0.0096368522247224,0.0174891021856073,0.00582343896620652,"G6PD/PGD",2
"Entosis_GeneCards","Entosis_GeneCards","2/100","23/14739",0.0869565217391304,12.8165217391304,4.68729467882839,0.0105083348016497,0.0187239420102121,0.00623461012155292,"TP53/MAP1LC3A",2
"Efferocytosis_BLCA_Prognosis_40481075","Efferocytosis_BLCA_Prognosis_40481075","2/100","28/14739",0.0714285714285714,10.5278571428571,4.17077465261852,0.0153592863559271,0.0268787511228725,0.00894996009461918,"ALOX5/MAPK3",2
"Alkaliptosis_GeneCards","Alkaliptosis_GeneCards","1/100","3/14739",0.333333333333333,49.13,6.89049232495386,0.020217739885362,0.0347603247151838,0.0115743293895886,"HMGB1",1
"Anoikis_SS_41255601","Anoikis_SS_41255601","2/100","35/14739",0.0571428571428571,8.42228571428571,3.63343599258781,0.0234471882603955,0.0396176629227372,0.0131917030140156,"MAPK3/IFNG",2
"NETosis_LUAD_Prognosis_41135717","NETosis_LUAD_Prognosis_41135717","1/100","4/14739",0.25,36.8475,5.92621453990756,0.0268666423019929,0.0446259482304288,0.0148593382936981,"ATG7",1
