"Pathway","Control","Treatment","Statistic","P_value","P_adjust"
"Accidental cell death_GeneCards",0.0512154742776846,0.338138933503489,0,0.00216450216450216,0.00348521534962213
"Anoikis_LUAD_Prognosis_41187171",-0.0760146734192701,0.397324830879576,0,0.00216450216450216,0.00348521534962213
"Anoikis_LUSC_40028162",0.0613431712916325,0.373952892622679,0,0.00216450216450216,0.00348521534962213
"Anoikis_Pan Cancer_37275895",0.0687610748955448,0.386052070001177,0,0.00216450216450216,0.00348521534962213
"Apoptosis_OS_Prognosis_35576501",0.0760548232374938,0.387759015111705,0,0.00216450216450216,0.00348521534962213
"Apoptosis_Pan cancer_36044785",0.085192701374686,0.371585724668624,0,0.00216450216450216,0.00348521534962213
"Apoptosis_Pan Cancer_36703967",0.0768142340313858,0.37299863449989,0,0.00216450216450216,0.00348521534962213
"Apoptosis_Pan Cancer_37968457",0.0765070515053554,0.350785906853603,0,0.00216450216450216,0.00348521534962213
"Autophagy_Pan Cancer_35241019",0.0768586172535185,0.379520178371338,0,0.00216450216450216,0.00348521534962213
"Autophagy_Pan Cancer_36703967",0.0457861563735847,0.358677920065584,0,0.00216450216450216,0.00348521534962213
"Autophagy_Pan Cancer_41554207",0.0747485633383192,0.362639718156271,0,0.00216450216450216,0.00348521534962213
"Autosis(autophagic_cell_death)_GeneCards",0.0678739415414566,0.385298224231656,0,0.00216450216450216,0.00348521534962213
"Cuproptosis_CuPCA",0.0708353227537142,0.361363131985275,0,0.00216450216450216,0.00348521534962213
"Cuproptosis_NAFLD_37822923",0.0630477298600103,0.37889353279825,0,0.00216450216450216,0.00348521534962213
"Disulfidptosis_AS_38433839",0.0763915115983071,0.367639209360455,0,0.00216450216450216,0.00348521534962213
"Disulfidptosis_CD_38433839",0.0562091984371885,0.345419530666598,0,0.00216450216450216,0.00348521534962213
"Disulfidptosis_UC_38433839",0.0375825381439799,0.344901139036343,0,0.00216450216450216,0.00348521534962213
"Efferocytosis_Pan Cancer",0.0629545178174674,0.345910156426901,0,0.00216450216450216,0.00348521534962213
"Entoticcelldeath_GeneCards",0.0241188346436747,0.449718010476801,0,0.00216450216450216,0.00348521534962213
"Extrinsic apoptosis_GeneCards",0.0859579705415905,0.382674604010108,0,0.00216450216450216,0.00348521534962213
"Ferroptosis_ALI_37149072",0.0645468434657277,0.354234057793861,0,0.00216450216450216,0.00348521534962213
"Ferroptosis_AML_Prognosis_36338716",0.0287265506428804,0.331091352205355,0,0.00216450216450216,0.00348521534962213
"Ferroptosis_CCA_Prognosis_36733386",0.0792462320326675,0.407280104823195,0,0.00216450216450216,0.00348521534962213
"Ferroptosis_CRC_Prognosis_38774759",0.0810222627051634,0.356605350327739,0,0.00216450216450216,0.00348521534962213
"Ferroptosis_DKD_38678670",0.09070824776773,0.364814352872283,0,0.00216450216450216,0.00348521534962213
"Ferroptosis_DLBCL_39488307",0.10340046835895,0.357000325915555,0,0.00216450216450216,0.00348521534962213
"Ferroptosis_EGFRWTLUAD_Prognosis_39478024",0.0441679554819484,0.364953283608297,0,0.00216450216450216,0.00348521534962213
"Ferroptosis_ES_Prognosis_36050939",0.0684783148118606,0.373098450434076,0,0.00216450216450216,0.00348521534962213
"Ferroptosis_FerrDb V2(36305834)",0.070395828504647,0.415588949732825,0,0.00216450216450216,0.00348521534962213
"Ferroptosis_Glioma_Prognosis_32733879",-0.0173197669608172,0.355238798735834,0,0.00216450216450216,0.00348521534962213
"Ferroptosis_Gliomas_Prognosis_35711838",0.0358056777959631,0.38742714971186,0,0.00216450216450216,0.00348521534962213
"Ferroptosis_HCC_Prognosis_38139032",0.0874973733341307,0.38732673863246,0,0.00216450216450216,0.00348521534962213
"Ferroptosis_HNSCC_Prognosis_34906855",0.0926463570634049,0.320184442293941,0,0.00216450216450216,0.00348521534962213
"Ferroptosis_IDD_36819777",0.0503946759751107,0.367150546353178,0,0.00216450216450216,0.00348521534962213
"Ferroptosis_IDD_Down_36814575",0.0210490539423726,0.347903681059929,0,0.00216450216450216,0.00348521534962213
"Ferroptosis_IDD_Up_36814575",0.0964916331116761,0.3682560238986,0,0.00216450216450216,0.00348521534962213
"Ferroptosis_Pan Cancer_37968457",0.0705781840933742,0.38306878146087,0,0.00216450216450216,0.00348521534962213
"Ferroptosis_PD_Prognosis_40465746",0.0978418935224397,0.355314959365173,0,0.00216450216450216,0.00348521534962213
"Ferroptosis_Pediatric Sepsis_40070882",0.0308632086858592,0.359517128751826,0,0.00216450216450216,0.00348521534962213
"Ferroptosis_STAD_35023280",0.0524848283799814,0.367824175241589,0,0.00216450216450216,0.00348521534962213
"Immunogenic Cell Death_HCC_38681068",0.0443900210498586,0.318149963585607,0,0.00216450216450216,0.00348521534962213
"Immunogenic Cell Death_Pan Cancer_27057433",0.0393026409199738,0.305488939383163,0,0.00216450216450216,0.00348521534962213
"Intrinsic apoptosis_GeneCards",0.0753905624427958,0.407147295427267,0,0.00216450216450216,0.00348521534962213
"Lysosome-dependentcelldeath_GeneCards",0.0911788156751251,0.351162663023939,0,0.00216450216450216,0.00348521534962213
"Mitochondrial permeability transition (MPT)-driven necrosis_GeneCards",0.0536291495099736,0.345445922022653,0,0.00216450216450216,0.00348521534962213
"Mitotic death_GeneCards",0.0714404845610622,0.397859426732586,0,0.00216450216450216,0.00348521534962213
"Mitotic_catastrophe_GeneCards",0.0954969640093636,0.37023648146794,0,0.00216450216450216,0.00348521534962213
"Necroptosis_AML_37993258",0.147322367709705,0.377489750482088,0,0.00216450216450216,0.00348521534962213
"Necroptosis_BRCA_Prognosis_37787960",0.0944868784650473,0.368198891463255,0,0.00216450216450216,0.00348521534962213
"Necroptosis_Glioma_Prognosis_36466844",0.0944623233093916,0.368541721715926,0,0.00216450216450216,0.00348521534962213
"Necroptosis_Pan Cancer_36044785",0.147322367709705,0.377489750482088,0,0.00216450216450216,0.00348521534962213
"NETosis_Pan Cancer_37408763",0.0792449620029628,0.332820819259921,0,0.00216450216450216,0.00348521534962213
"NETosis_PCa_39733640",0.0212214083414294,0.378337066348699,0,0.00216450216450216,0.00348521534962213
"paraptosis-like death_GeneCards",-0.0225196277666742,0.434681528456803,0,0.00216450216450216,0.00348521534962213
"Paraptosis_GeneCards",0.0299825775923461,0.426823691838471,0,0.00216450216450216,0.00348521534962213
"Phagocytosis_GC_Prognosis_40275059",0.0628064372981451,0.327222207123616,0,0.00216450216450216,0.00348521534962213
"Pyroptosis_ccRCC_Prognosis_35308143",0.10207262074515,0.437390503349982,0,0.00216450216450216,0.00348521534962213
"Pyroptosis_LUAD_37077542",0.0886504777597911,0.365269688055103,0,0.00216450216450216,0.00348521534962213
"Pyroptosis_Pan Cancer_36703967",0.0630553496014278,0.381150694771429,0,0.00216450216450216,0.00348521534962213
"Autophagy_HCC_40514326",0.142728436762163,0.342179057033787,1,0.00432900432900433,0.00632700632700633
"Cuproptosis_Pan Cancer_37968457",0.0663781771318065,0.303623358181829,1,0.00432900432900433,0.00632700632700633
"Efferocytosis_BLCA_Prognosis_40481075",0.0194086663628599,0.406983205076637,1,0.00432900432900433,0.00632700632700633
"Entosis_GeneCards",0.029731901484584,0.358680978483388,1,0.00432900432900433,0.00632700632700633
"Necroptosis_COAD_36353119",0.105105749301492,0.340017886323814,1,0.00432900432900433,0.00632700632700633
"Necroptosis_ES_Prognosis_37663658",0.119182230055621,0.362339283569402,1,0.00432900432900433,0.00632700632700633
"Autophagy_PAAD_Prognosis_41298756",0.0686442449821911,0.42656831965664,2,0.00865800865800866,0.0112672715412441
"Cuproptosis_Periodontitis_37215133",0.106832556066895,0.3426482577635,2,0.00865800865800866,0.0112672715412441
"Cuproptosis_UCEC_39825108",0.0635677944235629,0.258529450790658,2,0.00865800865800866,0.0112672715412441
"Efferocytosis_BRCA_Prognosis_39911848",0.0410473028554075,0.390092135162967,2,0.00865800865800866,0.0112672715412441
"Efferocytosis_TNBC_41198835",0.0348038475497415,0.362693848533423,2,0.00865800865800866,0.0112672715412441
"Necroptosis_BRCA_Prognosis_35251139",0.143834739110125,0.43054227174894,2,0.00865800865800866,0.0112672715412441
"NETosis_UC_40963602",0.0985440109104179,0.350965414983195,2,0.00865800865800866,0.0112672715412441
"Phagocytosis_CRC_Prognosis_40841999",0.08248278445264,0.340153055875523,2,0.00865800865800866,0.0112672715412441
"Apoptosis_Pan Cancer_35241019",0.0991626058492809,0.340284893436453,3,0.0151515151515152,0.0184537684537685
"Disulfidptosis_Up_38035663",0.0430345482938279,0.319091811025605,3,0.0151515151515152,0.0184537684537685
"Efferocytosis_TNBC_Prognosis_41198835",0.057803847755427,0.36033748717483,3,0.0151515151515152,0.0184537684537685
"PANoptosis_IPF_Prognosis_39515041",0.117011822722367,0.307081141998009,3,0.0151515151515152,0.0184537684537685
"Parthanatos_GeneCards",0.177039557898639,0.396697131861356,3,0.0151515151515152,0.0184537684537685
"Anoikis_SS_41255601",0.0421063520007137,0.351903639175715,4,0.025974025974026,0.0297293068377406
"Cuproptosis_GBM_Prognosis_37246211",0.148675095278673,0.327742334046267,4,0.025974025974026,0.0297293068377406
"Cuproptosis_LUAD_Prognosis_37434829",-0.0345770494261281,0.353796531618079,4,0.025974025974026,0.0297293068377406
"Disulfidptosis_ccRCC_38671348",0.0551561849786838,0.320222594326709,4,0.025974025974026,0.0297293068377406
"Immunogenic Cell Death_BLCA_38023241",0.034066577678771,0.315820354224276,4,0.025974025974026,0.0297293068377406
"Apoptosis_AMI_39650552",0.0802336077092172,0.340795231895696,5,0.0411255411255411,0.0459638400814871
"Cuproptosis_OC_40375037",0.147238863739866,0.290438870535842,5,0.0411255411255411,0.0459638400814871
"Immunogenic Cell Death_LUAD_38171413",0.00710963757630581,0.270457234855767,6,0.0649350649350649,0.070906105388864
"PANoptosis_Pan Cancer_37325556",0.104221167573483,0.35630882189319,6,0.0649350649350649,0.070906105388864
"Cuproptosis_GBM_36814929",0.13347145832908,0.29272041376643,7,0.0930735930735931,0.0971647400218829
"Cuproptosis_Glioma_36110851",0.13347145832908,0.29272041376643,7,0.0930735930735931,0.0971647400218829
"Cuproptosis_HCC_36438201",0.13347145832908,0.29272041376643,7,0.0930735930735931,0.0971647400218829
"Cuproptosis_HCC_36891150",0.13347145832908,0.29272041376643,7,0.0930735930735931,0.0971647400218829
"Necroptosis_HCC_36134033",0.191386516093307,0.326443588796789,8,0.132034632034632,0.136340109166196
"Oxeiptosis_GeneCards",0.148940330799518,0.310288592138854,12,0.393939393939394,0.393939393939394
"Pyroptosis_OA_37853066",0.138056389871892,0.221641609443061,12,0.393939393939394,0.393939393939394
"Pyroptosis_PAAD_Prognosis_36882663",0.138056389871892,0.221641609443061,12,0.393939393939394,0.393939393939394
